{
    "now": "2024-05-09T02:42:41.811Z",
    "perfNow": 494451309,
    "diagnosticCorrelation": "c165c2b8-4a2c-45a1-97eb-56d2493c9723",
    "source": "DownloadSupportFiles",
    "environment": {
        "productName": "adf",
        "buildVersion": "1.0.041624.12",
        "environmentType": 3,
        "resourceName": "CSM-DEV",
        "resourceRegion": "southeastasia",
        "resourceGroup": "CSM",
        "subscriptionId": "144b28e4-0ca9-4cce-aa3d-7d6218182137",
        "sessionId": "PbWLAjXmDJ/pMgCXid3Svq",
        "operationId": "",
        "gitType": "live",
        "loggingKey": "c4c0e63a-07a5-48d6-98e6-5db5794ae501"
    },
    "additionalInfo": {
        "selectedResource": "bq_monitoring_run_pipe",
        "selectedResourceType": "pipeline"
    }
}