{
    "now": "2024-05-09T02:41:34.609Z",
    "perfNow": 494384107.5,
    "diagnosticCorrelation": "3c74a7a8-ac2f-495e-8ed5-51286b7e5574",
    "source": "DownloadSupportFiles",
    "environment": {
        "productName": "adf",
        "buildVersion": "1.0.041624.12",
        "environmentType": 3,
        "resourceName": "CSM-DEV",
        "resourceRegion": "southeastasia",
        "resourceGroup": "CSM",
        "subscriptionId": "144b28e4-0ca9-4cce-aa3d-7d6218182137",
        "sessionId": "PbWLAjXmDJ/pMgCXid3Svq",
        "operationId": "",
        "gitType": "live",
        "loggingKey": "c4c0e63a-07a5-48d6-98e6-5db5794ae501"
    },
    "additionalInfo": {
        "selectedResource": "insider_ship_main_new",
        "selectedResourceType": "pipeline"
    }
}