{
    "now": "2024-05-09T02:42:38.113Z",
    "perfNow": 494447611.8,
    "diagnosticCorrelation": "8e36cbc2-70c5-48e9-b9b2-460e3834d8d9",
    "source": "DownloadSupportFiles",
    "environment": {
        "productName": "adf",
        "buildVersion": "1.0.041624.12",
        "environmentType": 3,
        "resourceName": "CSM-DEV",
        "resourceRegion": "southeastasia",
        "resourceGroup": "CSM",
        "subscriptionId": "144b28e4-0ca9-4cce-aa3d-7d6218182137",
        "sessionId": "PbWLAjXmDJ/pMgCXid3Svq",
        "operationId": "",
        "gitType": "live",
        "loggingKey": "c4c0e63a-07a5-48d6-98e6-5db5794ae501"
    },
    "additionalInfo": {
        "selectedResource": "check_csm_import_data",
        "selectedResourceType": "pipeline"
    }
}