{
    "name": "zp_csm_sap_ls",
    "type": "Microsoft.DataFactory/factories/linkedservices",
    "properties": {
        "annotations": [],
        "type": "SapHana",
        "typeProperties": {
            "connectionString": {
                "type": "AzureKeyVaultSecret",
                "store": {
                    "referenceName": "bdpconnectionstring",
                    "type": "LinkedServiceReference"
                },
                "secretName": "zp-csm-hana-bdp-con-url"
            }
        },
        "connectVia": {
            "referenceName": "bdpruntime",
            "type": "IntegrationRuntimeReference"
        }
    }
}