{
    "now": "2024-05-09T02:42:19.144Z",
    "perfNow": 494428642,
    "diagnosticCorrelation": "8b8dddc1-c1d5-4343-bbe8-f5e0d0c94eb3",
    "source": "DownloadSupportFiles",
    "environment": {
        "productName": "adf",
        "buildVersion": "1.0.041624.12",
        "environmentType": 3,
        "resourceName": "CSM-DEV",
        "resourceRegion": "southeastasia",
        "resourceGroup": "CSM",
        "subscriptionId": "144b28e4-0ca9-4cce-aa3d-7d6218182137",
        "sessionId": "PbWLAjXmDJ/pMgCXid3Svq",
        "operationId": "",
        "gitType": "live",
        "loggingKey": "c4c0e63a-07a5-48d6-98e6-5db5794ae501"
    },
    "additionalInfo": {
        "selectedResource": "import_data_new_postgre_eztracker",
        "selectedResourceType": "pipeline"
    }
}