{
    "name": "bq_monitoring_run_pipe",
    "properties": {
        "activities": [
            {
                "name": "Monitoring_run",
                "type": "DatabricksNotebook",
                "dependsOn": [],
                "policy": {
                    "timeout": "0.1:00:00",
                    "retry": 1,
                    "retryIntervalInSeconds": 30,
                    "secureOutput": false,
                    "secureInput": false
                },
                "userProperties": [],
                "typeProperties": {
                    "notebookPath": "/Repos/dtands@zuelligpharma.com/azure_databricks/Monitoring_BQ_status"
                },
                "linkedServiceName": {
                    "referenceName": "AzureDatabricks2",
                    "type": "LinkedServiceReference"
                }
            }
        ],
        "folder": {
            "name": "zip_insider"
        },
        "annotations": [],
        "lastPublishTime": "2023-09-29T08:59:13Z"
    },
    "type": "Microsoft.DataFactory/factories/pipelines"
}