{
    "name": "insider_main_sink",
    "properties": {
        "linkedServiceName": {
            "referenceName": "insider1",
            "type": "LinkedServiceReference"
        },
        "parameters": {
            "schema_name": {
                "type": "string"
            },
            "table_name": {
                "type": "string"
            },
            "country_x": {
                "type": "string"
            },
            "salesorg_x": {
                "type": "string"
            },
            "delta_numeric": {
                "type": "string"
            },
            "run_start": {
                "type": "string"
            }
        },
        "annotations": [],
        "type": "Parquet",
        "typeProperties": {
            "location": {
                "type": "AzureBlobFSLocation",
                "folderPath": {
                    "value": "BDP/schema_name=@{dataset().schema_name}/table_name=@{dataset().table_name}/year=@{formatDateTime(dataset().run_start,'yyyy')}/month=@{formatDateTime(dataset().run_start,'MM')}/day=@{formatDateTime(dataset().run_start,'dd')}/country_x=@{dataset().country_x}/salesorg_x=@{dataset().salesorg_x}/delta_numeric=@{dataset().delta_numeric}",
                    "type": "Expression"
                },
                "fileSystem": "raw"
            },
            "compressionCodec": "snappy"
        },
        "schema": []
    },
    "type": "Microsoft.DataFactory/factories/datasets"
}