{
    "name": "check_csm_folder",
    "properties": {
        "linkedServiceName": {
            "referenceName": "insider1",
            "type": "LinkedServiceReference"
        },
        "annotations": [],
        "type": "Parquet",
        "typeProperties": {
            "location": {
                "type": "AzureBlobFSLocation",
                "fileName": "result",
                "folderPath": {
                    "value": "BDP/check_csm/day=@{formatDateTime(addHours(utcNow(),8),'dd')}",
                    "type": "Expression"
                },
                "fileSystem": "raw"
            },
            "compressionCodec": "snappy"
        },
        "schema": []
    },
    "type": "Microsoft.DataFactory/factories/datasets"
}