{
    "name": "insider_ship_main_new",
    "properties": {
        "activities": [
            {
                "name": "Ship",
                "type": "DatabricksNotebook",
                "dependsOn": [],
                "policy": {
                    "timeout": "0.02:00:00",
                    "retry": 5,
                    "retryIntervalInSeconds": 120,
                    "secureOutput": false,
                    "secureInput": false
                },
                "userProperties": [],
                "typeProperties": {
                    "notebookPath": "/Repos/dtands@zuelligpharma.com/azure_databricks/zip_insider_ship_new",
                    "baseParameters": {
                        "table_name": {
                            "value": "@pipeline().parameters.table_name",
                            "type": "Expression"
                        },
                        "run_start": {
                            "value": "@variables('run_start')",
                            "type": "Expression"
                        }
                    }
                },
                "linkedServiceName": {
                    "referenceName": "AzureDatabricks2",
                    "type": "LinkedServiceReference"
                }
            },
            {
                "name": "set_stage_ship",
                "type": "SetVariable",
                "dependsOn": [
                    {
                        "activity": "Ship",
                        "dependencyConditions": [
                            "Failed"
                        ]
                    }
                ],
                "policy": {
                    "secureOutput": false,
                    "secureInput": false
                },
                "userProperties": [],
                "typeProperties": {
                    "variableName": "stage",
                    "value": "ship"
                }
            },
            {
                "name": "error_ship",
                "type": "DatabricksNotebook",
                "dependsOn": [
                    {
                        "activity": "set_stage_ship",
                        "dependencyConditions": [
                            "Succeeded"
                        ]
                    }
                ],
                "policy": {
                    "timeout": "0.12:00:00",
                    "retry": 0,
                    "retryIntervalInSeconds": 30,
                    "secureOutput": false,
                    "secureInput": false
                },
                "userProperties": [],
                "typeProperties": {
                    "notebookPath": "/Repos/dtands@zuelligpharma.com/azure_databricks/error_log",
                    "baseParameters": {
                        "run_start": {
                            "value": "@variables('run_start')",
                            "type": "Expression"
                        },
                        "table_name": {
                            "value": "@pipeline().parameters.table_name",
                            "type": "Expression"
                        },
                        "stage": {
                            "value": "@variables('stage')",
                            "type": "Expression"
                        }
                    }
                },
                "linkedServiceName": {
                    "referenceName": "AzureDatabricks2",
                    "type": "LinkedServiceReference"
                }
            }
        ],
        "concurrency": 20,
        "parameters": {
            "table_name": {
                "type": "string",
                "defaultValue": "sales_flash"
            },
            "lookup_sql": {
                "type": "string",
                "defaultValue": "WITH T1 AS (SELECT 'MY' country, '2001' salesorg FROM \"DUMMY\" UNION SELECT 'KH' country, '1500' salesorg FROM \"DUMMY\" UNION SELECT 'ID' country, '1900' salesorg FROM \"DUMMY\"),   T2 AS (SELECT 1 delta_numeric FROM \"DUMMY\") SELECT * FROM T1 CROSS JOIN T2"
            },
            "run_start": {
                "type": "string",
                "defaultValue": "2023-05-24 17:48:49"
            }
        },
        "variables": {
            "run_start": {
                "type": "String",
                "defaultValue": "@{pipeline().parameters.run_start}"
            },
            "stage": {
                "type": "String"
            }
        },
        "folder": {
            "name": "zip_insider"
        },
        "annotations": [
            "@pipeline().parameters.table_name"
        ],
        "lastPublishTime": "2024-04-16T03:18:44Z"
    },
    "type": "Microsoft.DataFactory/factories/pipelines"
}