{
    "name": "check_csm_import_data",
    "properties": {
        "activities": [
            {
                "name": "check_csm_import_data",
                "type": "Copy",
                "dependsOn": [],
                "policy": {
                    "timeout": "0.12:00:00",
                    "retry": 0,
                    "retryIntervalInSeconds": 30,
                    "secureOutput": false,
                    "secureInput": false
                },
                "userProperties": [],
                "typeProperties": {
                    "source": {
                        "type": "SapHanaSource",
                        "query": {
                            "value": "Select \"PROCESS\" AS \"SCRIPT\", \"STATUS\",\"START\", 'TH' as country\nfrom \"CSM\".\"PROCESS_EXECUTION_LOGS_SYNAPSE\"\nwhere\n    \"START\" >= TO_VARCHAR(NOW(),'YYYY-MM-DD')\n    and \"PROCESS\" in\n    (\n'[Daily] Step 3 - ZiP_Integration_Transaction_P_TH_Custom')\n\nUNION\n                \nSelect\n\"PROCESS\" AS \"SCRIPT\",\"STATUS\",\"START\", 'BN' as \"country\"\nfrom \"CSM\".\"PROCESS_EXECUTION_LOGS_SYNAPSE\"\nwhere \"START\" >= TO_VARCHAR(NOW(),'YYYY-MM-DD')\n    and \"PROCESS\" in\n    ('[Daily] Step 2.1 - ZiP Integration Transaction (P).py :: integration_P_perSalesOrgMonthOffset(BN)',\n    '[Daily] Step 2.2 - ZiP Integration Transaction (CS).py :: integration_CS_perSalesOrgMonthOffset(BN)')\n\nUNION\n\nSelect\n\"PROCESS\" AS \"SCRIPT\",\"STATUS\",\"START\", 'HK' as country\nfrom \"CSM\".\"PROCESS_EXECUTION_LOGS_SYNAPSE\"\nwhere\n    \"START\" >= TO_VARCHAR(NOW(),'YYYY-MM-DD')\n    and \"PROCESS\" in\n    ('[Daily] Step 2.1 - ZiP Integration Transaction (P).py :: integration_P_perSalesOrgMonthOffset(HK)',\n    '[Daily] Step 2.2 - ZiP Integration Transaction (CS).py :: integration_CS_perSalesOrgMonthOffset(HK)')\n\nUNION\n\nSelect\n\"PROCESS\" AS \"SCRIPT\",\"STATUS\",\"START\", 'HK' as country\nfrom \"CSM\".\"PROCESS_EXECUTION_LOGS_SYNAPSE\"\nwhere\n    \"START\" >= TO_VARCHAR(NOW(),'YYYY-MM-DD')\n    and \"PROCESS\" in\n    ('[Daily] Step 2.1 - ZiP Integration Transaction (P).py :: integration_P_perSalesOrgMonthOffset(HK)',\n    '[Daily] Step 2.2 - ZiP Integration Transaction (CS).py :: integration_CS_perSalesOrgMonthOffset(HK)')\n\nUNION\n\nSelect\n\"PROCESS\" AS \"SCRIPT\",\"STATUS\",\"START\", 'MY' as country\nfrom \"CSM\".\"PROCESS_EXECUTION_LOGS_SYNAPSE\"\nwhere\n    \"START\" >= TO_VARCHAR(NOW(),'YYYY-MM-DD')\n    and \"PROCESS\" in\n    ('[Daily] Step 2.1 - ZiP Integration Transaction (P).py :: integration_P_perSalesOrgMonthOffset(MY)',\n    '[Daily] Step 2.2 - ZiP Integration Transaction (CS).py :: integration_CS_perSalesOrgMonthOffset(MY)')\n\nUNION\n\nSelect\n\"PROCESS\" AS \"SCRIPT\",\"STATUS\",\"START\", 'SG' as country\nfrom \"CSM\".\"PROCESS_EXECUTION_LOGS_SYNAPSE\"\nwhere\n    \"START\" >= TO_VARCHAR(NOW(),'YYYY-MM-DD')\n    and \"PROCESS\" in\n    ('[Daily] Step 2.1 - ZiP Integration Transaction (P).py :: integration_P_perSalesOrgMonthOffset(SG)',\n    '[Daily] Step 2.2 - ZiP Integration Transaction (CS).py :: integration_CS_perSalesOrgMonthOffset(SG)')\n\nUNION\n\nSelect\n\"PROCESS\" AS \"SCRIPT\",\"STATUS\",\"START\", 'TW' as country\nfrom \"CSM\".\"PROCESS_EXECUTION_LOGS_SYNAPSE\"\nwhere\n    \"START\" >= TO_VARCHAR(NOW(),'YYYY-MM-DD')\n    and \"PROCESS\" in\n    ('[Daily] Step 2.1 - ZiP Integration Transaction (P).py :: integration_P_perSalesOrgMonthOffset(TW)',\n    '[Daily] Step 2.2 - ZiP Integration Transaction (CS).py :: integration_CS_perSalesOrgMonthOffset(TW)')\n\nUNION\n\nSelect\n\"PROCESS\" AS \"SCRIPT\",\"STATUS\",\"START\", 'VN' as country\nfrom \"CSM\".\"PROCESS_EXECUTION_LOGS_SYNAPSE\"\nwhere\n    \"START\" >= TO_VARCHAR(NOW(),'YYYY-MM-DD')\n    and \"PROCESS\" in\n    ('[Daily] Step 2.1 - ZiP Integration Transaction (P).py :: integration_P_perSalesOrgMonthOffset(VN)',\n    '[Daily] Step 2.2 - ZiP Integration Transaction (CS).py :: integration_CS_perSalesOrgMonthOffset(VN)')\n\nUNION\n\nSelect\n\"PROCESS\" AS \"SCRIPT\",\"STATUS\",\"START\", 'KR' as country\nfrom \"CSM\".\"PROCESS_EXECUTION_LOGS_SYNAPSE\"\nwhere\n    \"START\" >= TO_VARCHAR(NOW(),'YYYY-MM-DD')\n    and \"PROCESS\" in\n    ('[Daily] Step 2.1 - ZiP Integration Transaction (P).py :: integration_P_perSalesOrgMonthOffset(KDS)',\n    '[Daily] Step 2.2 - ZiP Integration Transaction (CS).py :: integration_CS_perSalesOrgMonthOffset(KDS)')\n\nUNION\n\nSelect\n\"PROCESS\" AS \"SCRIPT\",\"STATUS\",\"START\", 'MM' as country\nfrom \"CSM\".\"PROCESS_EXECUTION_LOGS_SYNAPSE\"\nwhere\n    \"START\" >= TO_VARCHAR(NOW(),'YYYY-MM-DD')\n    and \"PROCESS\" in\n    ('[Daily] Step 2.1 - ZiP Integration Transaction (P).py :: integration_P_perSalesOrgMonthOffset(MM)',\n    '[Daily] Step 2.2 - ZiP Integration Transaction (CS).py :: integration_CS_perSalesOrgMonthOffset(MM)')\n\nUNION\n\nSelect\n\"PROCESS\" AS \"SCRIPT\",\"STATUS\",\"START\", 'KH' as country\nfrom \"CSM\".\"PROCESS_EXECUTION_LOGS_SYNAPSE\"\nwhere\n    \"START\" >= TO_VARCHAR(NOW(),'YYYY-MM-DD')\n    and \"PROCESS\" in\n    ('[Daily] Step 2.1 - ZiP Integration Transaction (P).py :: integration_P_perSalesOrgMonthOffset(KH)',\n    '[Daily] Step 2.2 - ZiP Integration Transaction (CS).py :: integration_CS_perSalesOrgMonthOffset(KH)')\n\nUNION\n\nSelect\n\"PROCESS\" AS \"SCRIPT\",\"STATUS\",\"START\", 'PH' as country\nfrom \"CSM\".\"PROCESS_EXECUTION_LOGS_SYNAPSE\"\nwhere\n    \"START\" >= TO_VARCHAR(NOW(),'YYYY-MM-DD')\n    and \"PROCESS\" in\n    ('[Daily] Step 2.1 - ZiP Integration Transaction (P).py :: integration_P_perSalesOrgMonthOffset(MDI)',\n    '[Daily] Step 2.2 - ZiP Integration Transaction (CS).py :: integration_CS_perSalesOrgMonthOffset(MDI)')",
                            "type": "Expression"
                        },
                        "partitionOption": "None"
                    },
                    "sink": {
                        "type": "ParquetSink",
                        "storeSettings": {
                            "type": "AzureBlobFSWriteSettings"
                        },
                        "formatSettings": {
                            "type": "ParquetWriteSettings"
                        }
                    },
                    "enableStaging": false,
                    "translator": {
                        "type": "TabularTranslator",
                        "typeConversion": true,
                        "typeConversionSettings": {
                            "allowDataTruncation": true,
                            "treatBooleanAsNumber": false
                        }
                    }
                },
                "inputs": [
                    {
                        "referenceName": "bdb_source_dataset",
                        "type": "DatasetReference"
                    }
                ],
                "outputs": [
                    {
                        "referenceName": "check_csm_folder",
                        "type": "DatasetReference"
                    }
                ]
            }
        ],
        "folder": {
            "name": "zip_insider"
        },
        "annotations": [],
        "lastPublishTime": "2023-03-06T16:30:31Z"
    },
    "type": "Microsoft.DataFactory/factories/pipelines"
}