{
    "name": "Tableau_Migration_copy_prev",
    "properties": {
        "linkedServiceName": {
            "referenceName": "Tableau_Migration_main_LS",
            "type": "LinkedServiceReference"
        },
        "annotations": [],
        "type": "Parquet",
        "typeProperties": {
            "location": {
                "type": "AzureBlobFSLocation",
                "folderPath": {
                    "value": "BDP/schema_name=@{pipeline().parameters.schema_name}/table_name=@{pipeline().parameters.table_name}/year=@{formatDateTime(variables('run_start'),'yyyy')}/month=@{formatDateTime(variables('run_start'),'MM')}/day=@{formatDateTime(variables('run_start'),'dd')}",
                    "type": "Expression"
                },
                "fileSystem": "raw"
            },
            "compressionCodec": "snappy"
        },
        "schema": []
    },
    "type": "Microsoft.DataFactory/factories/datasets"
}