{
    "name": "Tableau_Migration_prev_sink",
    "properties": {
        "linkedServiceName": {
            "referenceName": "Tableau_Migration_main_LS",
            "type": "LinkedServiceReference"
        },
        "parameters": {
            "schema_name": {
                "type": "string"
            },
            "table_name": {
                "type": "string"
            }
        },
        "annotations": [],
        "type": "Parquet",
        "typeProperties": {
            "location": {
                "type": "AzureBlobFSLocation",
                "folderPath": {
                    "value": "BDP/schema_name=@{dataset().schema_name}/table_name=@{dataset().table_name}/prev",
                    "type": "Expression"
                },
                "fileSystem": "raw"
            },
            "compressionCodec": "snappy"
        },
        "schema": []
    },
    "type": "Microsoft.DataFactory/factories/datasets"
}