{
    "name": "import_data_new",
    "properties": {
        "activities": [
            {
                "name": "country_id_table",
                "type": "Lookup",
                "dependsOn": [],
                "policy": {
                    "timeout": "0.12:00:00",
                    "retry": 0,
                    "retryIntervalInSeconds": 30,
                    "secureOutput": false,
                    "secureInput": false
                },
                "userProperties": [
                    {
                        "name": "country_id_user_properties",
                        "value": "@pipeline().parameters.table_name"
                    }
                ],
                "typeProperties": {
                    "source": {
                        "type": "SapHanaSource",
                        "query": {
                            "value": "@pipeline().parameters.lookup_sql",
                            "type": "Expression"
                        },
                        "partitionOption": "None"
                    },
                    "dataset": {
                        "referenceName": "bdb_source_dataset",
                        "type": "DatasetReference"
                    },
                    "firstRowOnly": false
                }
            },
            {
                "name": "loop_countries",
                "type": "ForEach",
                "dependsOn": [
                    {
                        "activity": "if_exists",
                        "dependencyConditions": [
                            "Succeeded"
                        ]
                    }
                ],
                "userProperties": [
                    {
                        "name": "loop_countries",
                        "value": "@pipeline().parameters.table_name"
                    }
                ],
                "typeProperties": {
                    "items": {
                        "value": "@activity('country_id_table').output.value",
                        "type": "Expression"
                    },
                    "activities": [
                        {
                            "name": "generate_sql",
                            "type": "DatabricksNotebook",
                            "dependsOn": [],
                            "policy": {
                                "timeout": "0.00:30:00",
                                "retry": 2,
                                "retryIntervalInSeconds": 30,
                                "secureOutput": false,
                                "secureInput": false
                            },
                            "userProperties": [
                                {
                                    "name": "generate_sql_user_properties",
                                    "value": "@pipeline().parameters.table_name"
                                }
                            ],
                            "typeProperties": {
                                "notebookPath": "/Repos/dtands@zuelligpharma.com/azure_databricks/generate_SQL_new",
                                "baseParameters": {
                                    "item": {
                                        "value": "@string(item())",
                                        "type": "Expression"
                                    },
                                    "table_name": {
                                        "value": "@pipeline().parameters.table_name",
                                        "type": "Expression"
                                    },
                                    "run_start": {
                                        "value": "@variables('run_start')",
                                        "type": "Expression"
                                    }
                                }
                            },
                            "linkedServiceName": {
                                "referenceName": "AzureDatabricks2",
                                "type": "LinkedServiceReference"
                            }
                        },
                        {
                            "name": "set_import_data_stage",
                            "type": "SetVariable",
                            "dependsOn": [
                                {
                                    "activity": "if_bdp_hip",
                                    "dependencyConditions": [
                                        "Failed"
                                    ]
                                }
                            ],
                            "policy": {
                                "secureOutput": false,
                                "secureInput": false
                            },
                            "userProperties": [],
                            "typeProperties": {
                                "variableName": "stage",
                                "value": "import_data"
                            }
                        },
                        {
                            "name": "error_log",
                            "type": "DatabricksNotebook",
                            "dependsOn": [
                                {
                                    "activity": "set_import_data_stage",
                                    "dependencyConditions": [
                                        "Succeeded"
                                    ]
                                }
                            ],
                            "policy": {
                                "timeout": "0.12:00:00",
                                "retry": 0,
                                "retryIntervalInSeconds": 30,
                                "secureOutput": false,
                                "secureInput": false
                            },
                            "userProperties": [],
                            "typeProperties": {
                                "notebookPath": "/Repos/dtands@zuelligpharma.com/azure_databricks/error_log",
                                "baseParameters": {
                                    "run_start": {
                                        "value": "@variables('run_start')",
                                        "type": "Expression"
                                    },
                                    "table_name": {
                                        "value": "@pipeline().parameters.table_name",
                                        "type": "Expression"
                                    },
                                    "stage": {
                                        "value": "@variables('stage')",
                                        "type": "Expression"
                                    },
                                    "country": {
                                        "value": "@item().country",
                                        "type": "Expression"
                                    },
                                    "salesorg": {
                                        "value": "@string(item().salesorg)",
                                        "type": "Expression"
                                    },
                                    "period_queried": {
                                        "value": "@activity('generate_sql').output.runOutput.period_queried",
                                        "type": "Expression"
                                    }
                                }
                            },
                            "linkedServiceName": {
                                "referenceName": "AzureDatabricks2",
                                "type": "LinkedServiceReference"
                            }
                        },
                        {
                            "name": "if_bdp_hip",
                            "type": "IfCondition",
                            "dependsOn": [
                                {
                                    "activity": "generate_sql",
                                    "dependencyConditions": [
                                        "Succeeded"
                                    ]
                                }
                            ],
                            "userProperties": [],
                            "typeProperties": {
                                "expression": {
                                    "value": "@equals(activity('generate_sql').output.runOutput.database, 'BDP')",
                                    "type": "Expression"
                                },
                                "ifFalseActivities": [
                                    {
                                        "name": "Import_data_hip",
                                        "type": "Copy",
                                        "dependsOn": [],
                                        "policy": {
                                            "timeout": "0.06:00:00",
                                            "retry": 2,
                                            "retryIntervalInSeconds": 30,
                                            "secureOutput": false,
                                            "secureInput": false
                                        },
                                        "userProperties": [],
                                        "typeProperties": {
                                            "source": {
                                                "type": "SapHanaSource",
                                                "query": {
                                                    "value": "@activity('generate_sql').output.runOutput.sql_statement",
                                                    "type": "Expression"
                                                },
                                                "packetSize": 10000,
                                                "partitionOption": "SapHanaDynamicRange",
                                                "partitionSettings": {
                                                    "partitionColumnName": {
                                                        "value": "@{pipeline().parameters.odbc_partition}",
                                                        "type": "Expression"
                                                    }
                                                }
                                            },
                                            "sink": {
                                                "type": "ParquetSink",
                                                "storeSettings": {
                                                    "type": "AzureBlobFSWriteSettings"
                                                },
                                                "formatSettings": {
                                                    "type": "ParquetWriteSettings"
                                                }
                                            },
                                            "enableStaging": false,
                                            "parallelCopies": 8,
                                            "translator": {
                                                "type": "TabularTranslator",
                                                "typeConversion": true,
                                                "typeConversionSettings": {
                                                    "allowDataTruncation": true,
                                                    "treatBooleanAsNumber": false
                                                }
                                            }
                                        },
                                        "inputs": [
                                            {
                                                "referenceName": "hip_source_dataset",
                                                "type": "DatasetReference"
                                            }
                                        ],
                                        "outputs": [
                                            {
                                                "referenceName": "Tableau_Migration_main_sink",
                                                "type": "DatasetReference",
                                                "parameters": {
                                                    "schema_name": "@pipeline().parameters.schema_name",
                                                    "table_name": "@pipeline().parameters.table_name",
                                                    "country_x": "@item().country",
                                                    "salesorg_x": "@item().salesorg",
                                                    "delta_numeric": "@item().delta_numeric",
                                                    "run_start": "@variables('run_start')"
                                                }
                                            }
                                        ]
                                    }
                                ],
                                "ifTrueActivities": [
                                    {
                                        "name": "Import_data_bdp",
                                        "type": "Copy",
                                        "dependsOn": [],
                                        "policy": {
                                            "timeout": "0.06:00:00",
                                            "retry": 2,
                                            "retryIntervalInSeconds": 30,
                                            "secureOutput": false,
                                            "secureInput": false
                                        },
                                        "userProperties": [],
                                        "typeProperties": {
                                            "source": {
                                                "type": "SapHanaSource",
                                                "query": {
                                                    "value": "@activity('generate_sql').output.runOutput.sql_statement",
                                                    "type": "Expression"
                                                },
                                                "packetSize": 10000,
                                                "partitionOption": "SapHanaDynamicRange",
                                                "partitionSettings": {
                                                    "partitionColumnName": {
                                                        "value": "@{pipeline().parameters.odbc_partition}",
                                                        "type": "Expression"
                                                    }
                                                }
                                            },
                                            "sink": {
                                                "type": "ParquetSink",
                                                "storeSettings": {
                                                    "type": "AzureBlobFSWriteSettings"
                                                },
                                                "formatSettings": {
                                                    "type": "ParquetWriteSettings"
                                                }
                                            },
                                            "enableStaging": false,
                                            "parallelCopies": 8,
                                            "translator": {
                                                "type": "TabularTranslator",
                                                "typeConversion": true,
                                                "typeConversionSettings": {
                                                    "allowDataTruncation": true,
                                                    "treatBooleanAsNumber": false
                                                }
                                            }
                                        },
                                        "inputs": [
                                            {
                                                "referenceName": "bdb_source_dataset",
                                                "type": "DatasetReference"
                                            }
                                        ],
                                        "outputs": [
                                            {
                                                "referenceName": "Tableau_Migration_main_sink",
                                                "type": "DatasetReference",
                                                "parameters": {
                                                    "schema_name": "@pipeline().parameters.schema_name",
                                                    "table_name": "@pipeline().parameters.table_name",
                                                    "country_x": "@item().country",
                                                    "salesorg_x": "@item().salesorg",
                                                    "delta_numeric": "@item().delta_numeric",
                                                    "run_start": "@variables('run_start')"
                                                }
                                            }
                                        ]
                                    }
                                ]
                            }
                        }
                    ]
                }
            },
            {
                "name": "set_stage_loop_countries",
                "type": "SetVariable",
                "dependsOn": [
                    {
                        "activity": "loop_countries",
                        "dependencyConditions": [
                            "Failed"
                        ]
                    }
                ],
                "policy": {
                    "secureOutput": false,
                    "secureInput": false
                },
                "userProperties": [],
                "typeProperties": {
                    "variableName": "stage",
                    "value": "loop_countries_external"
                }
            },
            {
                "name": "error_log_loop_countries",
                "type": "DatabricksNotebook",
                "dependsOn": [
                    {
                        "activity": "set_stage_loop_countries",
                        "dependencyConditions": [
                            "Succeeded"
                        ]
                    }
                ],
                "policy": {
                    "timeout": "0.12:00:00",
                    "retry": 0,
                    "retryIntervalInSeconds": 30,
                    "secureOutput": false,
                    "secureInput": false
                },
                "userProperties": [],
                "typeProperties": {
                    "notebookPath": "/Repos/dtands@zuelligpharma.com/azure_databricks/error_log",
                    "baseParameters": {
                        "run_start": {
                            "value": "@variables('run_start')",
                            "type": "Expression"
                        },
                        "table_name": {
                            "value": "@pipeline().parameters.table_name",
                            "type": "Expression"
                        },
                        "stage": {
                            "value": "@variables('stage')",
                            "type": "Expression"
                        }
                    }
                },
                "linkedServiceName": {
                    "referenceName": "AzureDatabricks2",
                    "type": "LinkedServiceReference"
                }
            },
            {
                "name": "check_if_exists",
                "type": "GetMetadata",
                "dependsOn": [
                    {
                        "activity": "country_id_table",
                        "dependencyConditions": [
                            "Succeeded"
                        ]
                    }
                ],
                "policy": {
                    "timeout": "0.12:00:00",
                    "retry": 0,
                    "retryIntervalInSeconds": 30,
                    "secureOutput": false,
                    "secureInput": false
                },
                "userProperties": [],
                "typeProperties": {
                    "dataset": {
                        "referenceName": "Tableau_Migration_copy_prev",
                        "type": "DatasetReference"
                    },
                    "fieldList": [
                        "exists"
                    ],
                    "storeSettings": {
                        "type": "AzureBlobFSReadSettings",
                        "recursive": true,
                        "enablePartitionDiscovery": false
                    },
                    "formatSettings": {
                        "type": "ParquetReadSettings"
                    }
                }
            },
            {
                "name": "if_exists",
                "type": "IfCondition",
                "dependsOn": [
                    {
                        "activity": "check_if_exists",
                        "dependencyConditions": [
                            "Succeeded"
                        ]
                    }
                ],
                "userProperties": [],
                "typeProperties": {
                    "expression": {
                        "value": "@equals(activity('check_if_exists').output.exists, True) ",
                        "type": "Expression"
                    },
                    "ifTrueActivities": [
                        {
                            "name": "copy_prev",
                            "type": "Copy",
                            "dependsOn": [],
                            "policy": {
                                "timeout": "0.12:00:00",
                                "retry": 0,
                                "retryIntervalInSeconds": 30,
                                "secureOutput": false,
                                "secureInput": false
                            },
                            "userProperties": [],
                            "typeProperties": {
                                "source": {
                                    "type": "ParquetSource",
                                    "storeSettings": {
                                        "type": "AzureBlobFSReadSettings",
                                        "recursive": true,
                                        "wildcardFolderPath": {
                                            "value": "BDP/schema_name=@{pipeline().parameters.schema_name}/table_name=@{pipeline().parameters.table_name}/year=@{formatDateTime(variables('run_start'),'yyyy')}/month=@{formatDateTime(variables('run_start'),'MM')}/day=@{formatDateTime(variables('run_start'),'dd')}",
                                            "type": "Expression"
                                        },
                                        "wildcardFileName": "*.parquet",
                                        "enablePartitionDiscovery": false
                                    },
                                    "formatSettings": {
                                        "type": "ParquetReadSettings"
                                    }
                                },
                                "sink": {
                                    "type": "ParquetSink",
                                    "storeSettings": {
                                        "type": "AzureBlobFSWriteSettings"
                                    },
                                    "formatSettings": {
                                        "type": "ParquetWriteSettings"
                                    }
                                },
                                "enableStaging": false,
                                "translator": {
                                    "type": "TabularTranslator",
                                    "typeConversion": true,
                                    "typeConversionSettings": {
                                        "allowDataTruncation": true,
                                        "treatBooleanAsNumber": false
                                    }
                                }
                            },
                            "inputs": [
                                {
                                    "referenceName": "Tableau_Migration_copy_prev",
                                    "type": "DatasetReference"
                                }
                            ],
                            "outputs": [
                                {
                                    "referenceName": "Tableau_Migration_prev_sink",
                                    "type": "DatasetReference",
                                    "parameters": {
                                        "schema_name": "@pipeline().parameters.schema_name",
                                        "table_name": "@pipeline().parameters.table_name"
                                    }
                                }
                            ]
                        },
                        {
                            "name": "delete_prev",
                            "type": "Delete",
                            "dependsOn": [
                                {
                                    "activity": "copy_prev",
                                    "dependencyConditions": [
                                        "Succeeded"
                                    ]
                                }
                            ],
                            "policy": {
                                "timeout": "0.12:00:00",
                                "retry": 0,
                                "retryIntervalInSeconds": 30,
                                "secureOutput": false,
                                "secureInput": false
                            },
                            "userProperties": [],
                            "typeProperties": {
                                "dataset": {
                                    "referenceName": "Tableau_Migration_copy_prev",
                                    "type": "DatasetReference"
                                },
                                "enableLogging": false,
                                "storeSettings": {
                                    "type": "AzureBlobFSReadSettings",
                                    "recursive": true,
                                    "enablePartitionDiscovery": false
                                }
                            }
                        }
                    ]
                }
            }
        ],
        "concurrency": 20,
        "parameters": {
            "table_name": {
                "type": "string",
                "defaultValue": "sales_flash"
            },
            "lookup_sql": {
                "type": "string",
                "defaultValue": "WITH T1 AS (SELECT 'MY' country, '2001' salesorg,'BDP' database FROM \"DUMMY\" UNION SELECT 'KH' country, '1500' salesorg,'BDP' database FROM \"DUMMY\" UNION SELECT 'ID' country, '1900' salesorg, 'HIP' database FROM \"DUMMY\"),   T2 AS (SELECT 1 delta_numeric FROM \"DUMMY\" UNION SELECT 2 delta_numeric FROM \"DUMMY\") SELECT * FROM T1 CROSS JOIN T2"
            },
            "odbc_partition": {
                "type": "string",
                "defaultValue": "J_PrincipalCode"
            },
            "run_start": {
                "type": "string",
                "defaultValue": "2023-05-24 17:48:49"
            },
            "schema_name": {
                "type": "string",
                "defaultValue": "zip_insider"
            }
        },
        "variables": {
            "run_start": {
                "type": "String",
                "defaultValue": "@{pipeline().parameters.run_start}"
            },
            "stage": {
                "type": "String"
            }
        },
        "folder": {
            "name": "zip_insider"
        },
        "annotations": [
            "@pipeline().parameters.table_name"
        ],
        "lastPublishTime": "2024-04-23T00:53:42Z"
    },
    "type": "Microsoft.DataFactory/factories/pipelines"
}